{
	"apikey": "enter Dark Sky API key here",	
	"location": [60.365286, 5.2887545],
	"colors": {
		"25": [240, 180, 0], 
		"24": [240, 192, 0], 
		"23": [240, 204, 0],
		"22": [240, 216, 0],
		"21": [240, 228, 0], 
		"20": [240, 240, 0], 
		"19": [240, 240, 12], 
		"18": [240, 240, 24],
		"17": [240, 240, 36], 
		"16": [240, 240, 48], 
		"15": [240, 240, 60], 
		"14": [240, 240, 72],
		"13": [240, 240, 84], 
		"12": [240, 240, 96], 
		"11": [240, 240, 108], 
		"10": [240, 240, 120],
		"9": [240, 240, 132], 
		"8": [240, 240, 144], 
		"7": [240, 240, 156], 
		"6": [240, 240, 168],
		"5": [240, 240, 180], 
		"4": [240, 240, 192], 
		"3": [240, 240, 204], 
		"2": [240, 240, 216],
		"1": [240, 240, 228], 
		"0": [240, 240, 240]
		},
	"pixels": 8,
	"brightness": 0.5
}
